{
  "params": {
    "type": "minmax",
    "vmin": [
      -0.851562,
      0.0,
      -0.464844
    ],
    "vmax": [
      0.849609,
      1.900391,
      0.462891
    ]
  },
  "errors": {
    "mse_per_axis": [
      9.066502448733277e-07,
      1.168880082988669e-06,
      2.721518024778128e-07
    ],
    "mae_per_axis": [
      0.0008230846867993714,
      0.000929116457606104,
      0.0004503648279940024
    ],
    "mse_total": 2.3476821303398145e-06,
    "mae_total": 0.0022025659723994783
  }
}