{
  "params": {
    "type": "zscore",
    "mu": [
      0.06502485568065508,
      1.0912832323439123,
      0.11570215148413523
    ],
    "sigma": [
      0.3474391293373574,
      0.46715492836599865,
      0.20309079782449607
    ],
    "z_lo": -2.345966713350851,
    "z_hi": 1.6734571770237314
  },
  "errors": {
    "mse_per_axis": [
      0.00021572168587729847,
      3.453680758965917e-06,
      5.1984662335507914e-05
    ],
    "mae_per_axis": [
      0.002658331526401693,
      0.0010195617275719849,
      0.001212765386573894
    ],
    "mse_total": 0.00027116002897177235,
    "mae_total": 0.004890658640547567
  }
}