{
  "params": {
    "type": "unitsphere",
    "centroid": [
      0.06502485568065508,
      1.0912832323439123,
      0.11570215148413523
    ],
    "scale": 1.3383397005756097
  },
  "errors": {
    "mse_per_axis": [
      2.084595565154163e-06,
      2.198849625348727e-06,
      2.2715600084085064e-06
    ],
    "mae_per_axis": [
      0.0012439756449509108,
      0.0012734347022024604,
      0.0013002156633447187
    ],
    "mse_total": 6.5550051989113926e-06,
    "mae_total": 0.003817626010498089
  }
}