{
  "n_vertices": 977,
  "min": [
    -0.851562,
    0.0,
    -0.464844
  ],
  "max": [
    0.849609,
    1.900391,
    0.462891
  ],
  "mean": [
    0.06502485568065508,
    1.0912832323439123,
    0.11570215148413523
  ],
  "std": [
    0.3474391293373574,
    0.46715492836599865,
    0.20309079782449607
  ]
}