{
  "params": {
    "type": "minmax",
    "vmin": [
      -1.0,
      -1.0,
      -1.0
    ],
    "vmax": [
      1.0,
      1.0,
      1.0
    ]
  },
  "errors": {
    "mse_per_axis": [
      1.1949387631550374e-06,
      0.0,
      1.1949387631550376e-06
    ],
    "mae_per_axis": [
      0.0009164222873900216,
      0.0,
      0.0009164222873900216
    ],
    "mse_total": 2.389877526310075e-06,
    "mae_total": 0.0018328445747800431
  }
}