{
  "n_vertices": 64,
  "min": [
    -1.0,
    -1.0,
    -1.0
  ],
  "max": [
    1.0,
    1.0,
    1.0
  ],
  "mean": [
    2.3418766925686896e-17,
    0.0,
    -3.469446951953614e-17
  ],
  "std": [
    0.7071068300178377,
    1.0,
    0.7071068300178377
  ]
}