{
  "params": {
    "type": "zscore",
    "mu": [
      2.3418766925686896e-17,
      0.0,
      -3.469446951953614e-17
    ],
    "sigma": [
      0.7071068300178377,
      1.0,
      0.7071068300178377
    ],
    "z_lo": -1.4142134647105216,
    "z_hi": 1.4142134647105216
  },
  "errors": {
    "mse_per_axis": [
      1.194938763155035e-06,
      2.668895239701642e-06,
      1.194938763155069e-06
    ],
    "mae_per_axis": [
      0.0009164222873900026,
      0.0013824178540668974,
      0.0009164222873900202
    ],
    "mse_total": 5.058772766011743e-06,
    "mae_total": 0.00321526242884692
  }
}