{
  "params": {
    "type": "unitsphere",
    "centroid": [
      2.3418766925686896e-17,
      0.0,
      -3.469446951953614e-17
    ],
    "scale": 1.4142137811865645
  },
  "errors": {
    "mse_per_axis": [
      2.525702349479503e-06,
      2.6692861012706028e-06,
      2.525702349479551e-06
    ],
    "mae_per_axis": [
      0.0013824181634276944,
      0.0013824181634277122,
      0.0013824181634277115
    ],
    "mse_total": 7.720690800229657e-06,
    "mae_total": 0.004147254490283118
  }
}