{
  "params": {
    "type": "minmax",
    "vmin": [
      -0.5,
      0.0,
      -0.0225
    ],
    "vmax": [
      0.5,
      0.84317,
      0.0225
    ]
  },
  "errors": {
    "mse_per_axis": [
      2.5921694022658823e-07,
      2.09638914982704e-07,
      8.21448628103778e-11
    ],
    "mae_per_axis": [
      0.0004210381784983145,
      0.00039213549985551944,
      3.734853095778371e-06
    ],
    "mse_total": 4.68938000072103e-07,
    "mae_total": 0.0008169085314496123
  }
}