{
  "params": {
    "type": "zscore",
    "mu": [
      -0.005803716981131987,
      0.39659240880503194,
      0.0
    ],
    "sigma": [
      0.3500769416289038,
      0.2515873273125019,
      0.010706196407194965
    ],
    "z_lo": -2.101586702153078,
    "z_hi": 2.101586702153078
  },
  "errors": {
    "mse_per_axis": [
      7.747748289111757e-07,
      1.7769702000339994e-07,
      8.214486281036487e-11
    ],
    "mae_per_axis": [
      0.0007463147141992697,
      0.0003380622320403051,
      3.7348530957780762e-06
    ],
    "mse_total": 9.525539937773854e-07,
    "mae_total": 0.0010881117993353528
  }
}