{
  "params": {
    "type": "unitsphere",
    "centroid": [
      -0.005803716981131987,
      0.39659240880503194,
      0.0
    ],
    "scale": 0.615808594436341
  },
  "errors": {
    "mse_per_axis": [
      3.442404999018349e-07,
      6.199547312043243e-07,
      4.767648224465103e-07
    ],
    "mae_per_axis": [
      0.0004883854287382201,
      0.0007344711098850338,
      0.0006019634354216427
    ],
    "mse_total": 1.4409600535526702e-06,
    "mae_total": 0.0018248199740448963
  }
}