{
  "n_vertices": 318,
  "min": [
    -0.5,
    0.0,
    -0.0225
  ],
  "max": [
    0.5,
    0.84317,
    0.0225
  ],
  "mean": [
    -0.005803716981131987,
    0.39659240880503194,
    0.0
  ],
  "std": [
    0.3500769416289038,
    0.2515873273125019,
    0.010706196407194965
  ]
}