{
  "params": {
    "type": "zscore",
    "mu": [
      -0.0048377855617261455,
      0.38833545664246283,
      -0.003936188381033726
    ],
    "sigma": [
      0.1479504357600781,
      0.18426468792493758,
      0.3313235700163484
    ],
    "z_lo": -1.7996527732842067,
    "z_hi": 1.4928222231718333
  },
  "errors": {
    "mse_per_axis": [
      5.614842222290851e-08,
      5.7827697561707806e-05,
      1.2955472839102064e-06
    ],
    "mae_per_axis": [
      0.0001962771389795862,
      0.0012912977946980886,
      0.0006809677073245276
    ],
    "mse_total": 5.917939326784133e-05,
    "mae_total": 0.002168542641002193
  }
}