{
  "params": {
    "type": "unitsphere",
    "centroid": [
      -0.0048377855617261455,
      0.38833545664246283,
      -0.003936188381033726
    ],
    "scale": 0.6094259351321035
  },
  "errors": {
    "mse_per_axis": [
      4.768428974680419e-07,
      4.79941180304e-07,
      5.301503225343867e-07
    ],
    "mae_per_axis": [
      0.0005972511224142939,
      0.0005870721514288042,
      0.0006445833374837277
    ],
    "mse_total": 1.4869344003064262e-06,
    "mae_total": 0.001828906611326809
  }
}