{
  "n_vertices": 2341,
  "min": [
    -0.208906,
    0.0,
    -0.5
  ],
  "max": [
    0.208906,
    0.611761,
    0.5
  ],
  "mean": [
    -0.0048377855617261455,
    0.38833545664246283,
    -0.003936188381033726
  ],
  "std": [
    0.1479504357600781,
    0.18426468792493758,
    0.3313235700163484
  ]
}