{
  "params": {
    "type": "minmax",
    "vmin": [
      -0.208906,
      0.0,
      -0.5
    ],
    "vmax": [
      0.208906,
      0.611761,
      0.5
    ]
  },
  "errors": {
    "mse_per_axis": [
      4.328936282290053e-08,
      1.0676620264131728e-07,
      2.9991314362501064e-07
    ],
    "mae_per_axis": [
      0.00016555763947782973,
      0.0002793392969810535,
      0.0004864397411437833
    ],
    "mse_total": 4.4996870908922743e-07,
    "mae_total": 0.0009313366776026703
  }
}