{
  "params": {
    "type": "zscore",
    "mu": [
      0.002644200311942898,
      0.4294982283868098,
      0.01746761029411767
    ],
    "sigma": [
      0.1671270845056467,
      0.22321575530216234,
      0.06566085646338478
    ],
    "z_lo": -2.405491793871147,
    "z_hi": 2.3016006468047556
  },
  "errors": {
    "mse_per_axis": [
      0.0002274951398266262,
      3.6187675460545284e-07,
      2.304873286855639e-06
    ],
    "mae_per_axis": [
      0.003331697783665303,
      0.0005226674381177637,
      0.0002678788324447904
    ],
    "mse_total": 0.00023016188986808877,
    "mae_total": 0.00412224405422786
  }
}