{
  "n_vertices": 4488,
  "min": [
    -0.5,
    0.0,
    -0.181411
  ],
  "max": [
    0.5,
    0.904419,
    0.181411
  ],
  "mean": [
    0.002644200311942898,
    0.4294982283868098,
    0.01746761029411767
  ],
  "std": [
    0.1671270845056467,
    0.22321575530216234,
    0.06566085646338478
  ]
}