{
  "params": {
    "type": "minmax",
    "vmin": [
      -0.5,
      0.0,
      -0.181411
    ],
    "vmax": [
      0.5,
      0.904419,
      0.181411
    ]
  },
  "errors": {
    "mse_per_axis": [
      3.17334351973688e-07,
      2.593762863266633e-07,
      4.1680825161748996e-08
    ],
    "mae_per_axis": [
      0.0004905262590106701,
      0.0004421828910983341,
      0.00017652022532553573
    ],
    "mse_total": 6.183914634621021e-07,
    "mae_total": 0.0011092293754345402
  }
}