{
  "params": {
    "type": "unitsphere",
    "centroid": [
      0.002644200311942898,
      0.4294982283868098,
      0.01746761029411767
    ],
    "scale": 0.5403226395482658
  },
  "errors": {
    "mse_per_axis": [
      4.041872001183534e-07,
      3.6710744284529234e-07,
      3.6370103988566365e-07
    ],
    "mae_per_axis": [
      0.0005543009080525316,
      0.0005267623916009468,
      0.0005211134651499562
    ],
    "mse_total": 1.1349956828493095e-06,
    "mae_total": 0.0016021767648034407
  }
}