{
  "params": {
    "type": "unitsphere",
    "centroid": [
      -0.0019838887915936917,
      1.1684853887915918,
      -0.009341486865148869
    ],
    "scale": 1.1959249965418508
  },
  "errors": {
    "mse_per_axis": [
      1.7551880319528778e-06,
      1.7637487593001856e-06,
      1.562082944376879e-06
    ],
    "mae_per_axis": [
      0.0011506109876629569,
      0.0011485636371529743,
      0.0010543855136057488
    ],
    "mse_total": 5.081019735629944e-06,
    "mae_total": 0.003353560138421687
  }
}