{
  "params": {
    "type": "zscore",
    "mu": [
      -0.0019838887915936917,
      1.1684853887915918,
      -0.009341486865148869
    ],
    "sigma": [
      0.3809627517728304,
      0.5266655782105262,
      0.10060075514432687
    ],
    "z_lo": -2.2149394930178805,
    "z_hi": 2.132835520035589
  },
  "errors": {
    "mse_per_axis": [
      8.093441427541239e-06,
      1.691740422835264e-06,
      1.214152929473237e-07
    ],
    "mae_per_axis": [
      0.0010432664467114393,
      0.0011098366219973693,
      0.00023056811448033976
    ],
    "mse_total": 9.906597143323954e-06,
    "mae_total": 0.0023836711831891457
  }
}