{
  "n_vertices": 1142,
  "min": [
    -0.84375,
    -0.0,
    -0.212891
  ],
  "max": [
    0.841797,
    1.900391,
    0.210938
  ],
  "mean": [
    -0.0019838887915936917,
    1.1684853887915918,
    -0.009341486865148869
  ],
  "std": [
    0.3809627517728304,
    0.5266655782105262,
    0.10060075514432687
  ]
}