{
  "params": {
    "type": "minmax",
    "vmin": [
      -0.84375,
      -0.0,
      -0.212891
    ],
    "vmax": [
      0.841797,
      1.900391,
      0.210938
    ]
  },
  "errors": {
    "mse_per_axis": [
      9.175623124793508e-07,
      1.308141594470648e-06,
      6.259020489662453e-08
    ],
    "mae_per_axis": [
      0.0008191665493987955,
      0.0009967978593916457,
      0.00021741016857461428
    ],
    "mse_total": 2.2882941118466277e-06,
    "mae_total": 0.0020333745773650543
  }
}