{
  "n_vertices": 984,
  "min": [
    -0.031922,
    0.0,
    -0.117146
  ],
  "max": [
    0.031922,
    1.0,
    0.117146
  ],
  "mean": [
    0.021873203252032486,
    0.32418794918699106,
    -0.004872883130081303
  ],
  "std": [
    0.010548393747186339,
    0.24173539940108701,
    0.04776824955771874
  ]
}