{
  "params": {
    "type": "zscore",
    "mu": [
      0.021873203252032486,
      0.32418794918699106,
      -0.004872883130081303
    ],
    "sigma": [
      0.010548393747186339,
      0.24173539940108701,
      0.04776824955771874
    ],
    "z_lo": -3.6798885387063263,
    "z_hi": 2.591904422626285
  },
  "errors": {
    "mse_per_axis": [
      2.2846461085553246e-06,
      3.4956770584306734e-05,
      3.166292540796346e-08
    ],
    "mae_per_axis": [
      0.00025690749735470263,
      0.0015852363096863266,
      0.0001546206459237702
    ],
    "mse_total": 3.727307961827012e-05,
    "mae_total": 0.0019967644529647983
  }
}