{
  "params": {
    "type": "unitsphere",
    "centroid": [
      0.021873203252032486,
      0.32418794918699106,
      -0.004872883130081303
    ],
    "scale": 0.6786137649189795
  },
  "errors": {
    "mse_per_axis": [
      6.238832458362029e-07,
      6.247166048018367e-07,
      6.442844655314068e-07
    ],
    "mae_per_axis": [
      0.0006876257065316771,
      0.0006903222779306191,
      0.0007091982777169502
    ],
    "mse_total": 1.8928843161694457e-06,
    "mae_total": 0.0020871462621792447
  }
}