{
  "params": {
    "type": "minmax",
    "vmin": [
      -0.031922,
      0.0,
      -0.117146
    ],
    "vmax": [
      0.031922,
      1.0,
      0.117146
    ]
  },
  "errors": {
    "mse_per_axis": [
      1.367390471853075e-09,
      3.69782705402362e-07,
      1.7273250904314433e-08
    ],
    "mae_per_axis": [
      3.127069673922626e-05,
      0.0005354128082556483,
      0.0001139843567460595
    ],
    "mse_total": 3.884233467785291e-07,
    "mae_total": 0.0006806678617409349
  }
}