{
  "params": {
    "type": "zscore",
    "mu": [
      0.04264822273781913,
      0.5208888917246713,
      -9.094354215003811e-06
    ],
    "sigma": [
      0.11742442416544392,
      0.387970144780312,
      0.0926960832965787
    ],
    "z_lo": -1.7591455846528044,
    "z_hi": 1.6691330297007878
  },
  "errors": {
    "mse_per_axis": [
      7.515471500425051e-06,
      5.559247390798938e-07,
      2.0347541490912578e-05
    ],
    "mae_per_axis": [
      0.00046778691262823,
      0.0006167535186522309,
      0.0008944624752124208
    ],
    "mse_total": 2.8418937730417698e-05,
    "mae_total": 0.0019790029064928765
  }
}