{
  "params": {
    "type": "unitsphere",
    "centroid": [
      0.04264822273781913,
      0.5208888917246713,
      -9.094354215003811e-06
    ],
    "scale": 0.5412784163376086
  },
  "errors": {
    "mse_per_axis": [
      3.4977973844154933e-07,
      3.8506545419344297e-07,
      3.6994123697226505e-07
    ],
    "mae_per_axis": [
      0.0005086483966281417,
      0.0005422036408144652,
      0.0005201062848869719
    ],
    "mse_total": 1.1047864296072561e-06,
    "mae_total": 0.00157095832232958
  }
}