{
  "n_vertices": 1293,
  "min": [
    -0.199625,
    -0.0,
    -0.197126
  ],
  "max": [
    0.199625,
    1.0,
    0.197126
  ],
  "mean": [
    0.04264822273781913,
    0.5208888917246713,
    -9.094354215003811e-06
  ],
  "std": [
    0.11742442416544392,
    0.387970144780312,
    0.0926960832965787
  ]
}