{
  "params": {
    "type": "minmax",
    "vmin": [
      -0.199625,
      -0.0,
      -0.197126
    ],
    "vmax": [
      0.199625,
      1.0,
      0.197126
    ]
  },
  "errors": {
    "mse_per_axis": [
      5.3447796751325164e-08,
      2.6996848414904496e-07,
      4.8184448717046014e-08
    ],
    "mae_per_axis": [
      0.00019878874139191572,
      0.0004377672019952579,
      0.00019194528701429238
    ],
    "mse_total": 3.7160072961741594e-07,
    "mae_total": 0.000828501230401466
  }
}